name,win_ratio
ID_Improved,69.14285714285714
Student,69.57142857142857
